URL,Product Name,Brand Name,Price,Category,Image URL,Description
https://www.hamleys.in/product/sterling-2-in-1-ludo-snake-and-ladder-board-game-unisex-4ymulticolour-491350206,"Shop Sterling 2 In 1 Ludo Snake And Ladder Board Game, Unisex, 4Y+(Multicolour)",Sterling,149,Toys & Games,https://cdn.pixelspray.io/v2/black-bread-289bfa/HrdP6X/original/hamleys-product/491350206/300/491350206.webp,"Classic games of Ludo and Snakes & Ladders in a pack. This Set is suitable for 2 - 4 players. The Ludo Snakes and Ladder board game is a classic fun filled game. It is highly durable and could be stored almost anywhere. Fun game for family and friends. The first game children and adults love to play. Best for fun purposes amongst all age groups. Skill Development - Social, Emotional and Cognitive Skills."
https://www.hamleys.in/product/funskool-lift-your-game-4y-multicolor-491960640,"Shop Online Funskool Lift Your Game, 4Y+ (Multicolor)",Funskool,399,Toys & Games,https://cdn.pixelspray.io/v2/black-bread-289bfa/HrdP6X/original/hamleys-product/491960640/300/491960640.webp,"It's the new challenging block lifting game where the player takes turn to add blocks to the line before lifting it up and over the wall to score points. The only rule of this game is you can only use one finger placed at either ends to lift the entire line up! Keep your child engaged for long hours by letting him or her play with this Lift Your Game building blocks set brought to you by Funskool. It is ideal for relieving stress and improving the hand eye coordination of your kid. Moreover, the use of good quality material ensures that it is safe for your kid to play with."
https://www.hamleys.in/product/ne-yk-my-home-492365349,NE YK My Home: Hamleys Online Shop,YOUREKA,299,Toys & Games,https://cdn.pixelspray.io/v2/black-bread-289bfa/HrdP6X/original/hamleys-product/492365349/300/492365349-1.jpeg,Learning is so much fun when you can make it interesting and enjoyable. This educational puzzle game is suitable for children of 3 years and above
https://www.hamleys.in/product/ne-ss-lg-wooden-clock-492407756,Buy Shooting Star Wooden Clock Chunky Puzzles Multicolour 3 made of Wood - Hamleys,SHOOTING STAR,999,Toys & Games,https://cdn.pixelspray.io/v2/black-bread-289bfa/HrdP6X/original/hamleys-product/492407756/300/492407756-1.jpeg,A fine collection of wooden puzzles designed to developed hand and eye co-ordination and the recognition of simple shapes
https://www.hamleys.in/product/funskool-big-bull-junior-4y-multicolor-491960661,"Buy Funskool Big Bull Junior, 4Y+ (Multicolor) Paper Online",Funskool,508,Toys & Games,https://cdn.pixelspray.io/v2/black-bread-289bfa/HrdP6X/original/hamleys-product/491960661/300/491960661-1.webp,"The stock market game for young traders. Prices of Cotton Ministry is rising but beware, the price of Dosa Kingdom just fell. Increase or decrease the price of the stocks by trading in the Central Market. Are you the Big Bull? Play this exciting game for ten rounds and find out if you can tame the Big Bull."
https://www.hamleys.in/product/ne-ss-lg-fruits-puzzlechunky9pcs-492407583,Product name not found,SHOOTING STAR,809,Toys & Games,https://cdn.pixelspray.io/v2/black-bread-289bfa/HrdP6X/original/hamleys-product/492407583/300/492407583-1.jpeg,A fine collection of wooden puzzles designed to developed hand and eye co-ordination and the recognition of simple shapes
https://www.hamleys.in/product/e-glow-art-sonic-led-drawing-board-492363436,Buy Hamleys Hamleys Glow Art Sonic Led Drawing Board Neon Colour Board Multicolour 3 Plastic,Hamleys,1299,Toys & Games,https://cdn.pixelspray.io/v2/black-bread-289bfa/HrdP6X/original/hamleys-product/492363436/300/492363436-1.jpeg,Smaller travel sized version of the original glow art. Now with sound activated lighting effects! See through screen for drawing and tracing.
https://www.hamleys.in/product/shifu-plugo-letters-word-building-with-stories-puzzles-491635690,Shop Online Shifu Plugo Letters - Word Building With Stories & Puzzles,PLAYSHIFU,2849,Toys & Games,https://cdn.pixelspray.io/v2/black-bread-289bfa/HrdP6X/original/hamleys-product/491635690/300/491635690-1.webp,Shifu Plugo Letters - Word Building With Stories & Puzzles  4-10 Years Educational Stem Toy  Interactive Vocabulary Games  Boys & Girls Gift (App Based)
https://www.hamleys.in/product/fun-dough-old-mcdonald-jumbo-tool-set-plastic-multicolour-3y-491898170,Fun Dough Old McDonald Jumbo Tool Set: Plastic - Multicolor - Hamleys India,FUN DOUGH,359,Toys & Games,https://cdn.pixelspray.io/v2/black-bread-289bfa/HrdP6X/original/hamleys-product/491898170/300/491898170-1.jpeg,Complete the chu chu old McDonald's farm scene with fun dough!  An array of tools to create fun patterns & shapes!  Includes glitter fun dough & a colourful activity play mat!
https://www.hamleys.in/product/funskool-memory-match-and-move-multicolor-4y-490093252,Buy Funskool Memory Match And Move Multicolor 4 Cardboard Online Hamleys,Funskool,349,Toys & Games,https://cdn.pixelspray.io/v2/black-bread-289bfa/HrdP6X/original/hamleys-product/490093252/300/490093252-1.webp,This memory board is a fun and interactive game that exercises the brain and improves concentration. The board game is designed with appealing colours and graphics to instantly encourage your little ones to play. It helps in developing strong observation skills in children at a very early age.
https://www.hamleys.in/product/fun-dough-wheel-o-train-plastic-multicolour-3y-491898171,Fun Dough Wheel-O-Train - Plastic - Multicolor - Hamleys India,FUN DOUGH,528,Toys & Games,https://cdn.pixelspray.io/v2/black-bread-289bfa/HrdP6X/original/hamleys-product/491898171/300/491898171-1.jpeg,"Squashing, squeezing, rolling, flattening, cutting, poking, shredding & more, these actions aid in fine motor skills development  They also improve hand-eye co-ordination and general concentration.  Keeps your child entertained for hours of fun."
https://www.hamleys.in/product/chu-chu-to-match-plastic-multicolour-3y-491898715,Chu Chu To Match Plastic: Multicolor - Hamleys India,Chu Chu Tv,332,Toys & Games,https://cdn.pixelspray.io/v2/black-bread-289bfa/HrdP6X/original/hamleys-product/491898715/300/491898715-1.jpeg,"This game combines the classic memory game with the track game! To be able to move your pawn to the next space, you need to correctly flip the card that has he image which is on he space.  Challenge your friends and see who wins!"
https://www.hamleys.in/product/disney-doctor-set-role-play-toys-for-kids-assorted-3y-491376977,"Shop Disney Doctor Set Role play toys for kids, Assorted, 3Y+",Disney,199,Toys & Games,https://cdn.pixelspray.io/v2/black-bread-289bfa/HrdP6X/original/hamleys-product/491376977/300/491376977-1.webp,This product comes as an assortment and any 1 product will be delivered as per the availability.  Doctor set is a miniaturist role playing set that sparkles young minds into the science and profession of doctors. This colour coded set comes with varied medical instruments and medicines that can be played by budding doctors in role playing games. This set is brought together to harness the child with an aspiration towards medical sciences and to instill a sense of care towards everything around them. The durability and friendly look of the product assures a satisfied kid running free with their imagination. Stock used for manufacturing this little doctor set is of the utmost quality and the product has to pass stringent quality standards before reaching in the hands of children. All our products are approved by the Bureau of Indian Standards (BIS). Suitable for ages- 3+
https://www.hamleys.in/product/skillofun-king-size-identification-tray-sports-with-knobs-multicolour-4y-492337161,Product name not found,Skillofun,337,Toys & Games,https://cdn.pixelspray.io/v2/black-bread-289bfa/HrdP6X/original/hamleys-product/492337161/300/492337161-1.jpeg,"A very attractive & fun toy  Identify the images, 10 in number, and take them out of the tray by lifting them from their knobs  Then put them back in their right place
This puzzle is self-corrective
Comes with an eco-friendly pouch to store the pieces after play! This product is 100% non-toxic."
https://www.hamleys.in/product/fun-dough-molly-dolly-2015-plastic-multicolour-3y-491898216,Fun Dough Molly Dolly 2015 Plastic Multicolour 3Y+,FUN DOUGH,567,Toys & Games,https://cdn.pixelspray.io/v2/black-bread-289bfa/HrdP6X/original/hamleys-product/491898216/300/491898216-1.jpeg,Lets roll out some fun dough and wrap the body of molly to dress her up  You can take the scissors and snip snip give molly a beautiful haircut.  Keeps your child entertained for hours of fun.
https://www.hamleys.in/product/chu-chu-to-count-your-eggs-plastic-multicolour-3y-491898714,Product name not found,Chu Chu Tv,379,Toys & Games,https://cdn.pixelspray.io/v2/black-bread-289bfa/HrdP6X/original/hamleys-product/491898714/300/491898714-1.jpeg,Mr. Eggsie on the lookout for the eggs that are scattered across the farm  Players take turns to help move around the farm and collect the eggs  Interactive game to keep kids involved for hours.
https://www.hamleys.in/product/1-2-3-Bowl-Them-Down-This-Adorable-Classic-Game-Gets-A-Modern-Day-Wooden-Makeover-492409618,"Pepplay Doodle Placemats Set Vehicle Series, 8 Cm, Multicolor, 3Y+",Shumee,999,Sports & Outdoor,https://cdn.pixelspray.io/v2/black-bread-289bfa/HrdP6X/original/hamleys-product/492409618/300/492409618-1.jpeg,"Active play, indoors & outdoors, is good exercise and builds gross motor skills. By aiming and throwing or picking out specific coloured pins to bring down, focus and fine motor skills improve. Work on your child's social skills & rule-based playing by hosting bowling tournaments. Stack 'em up & bring down as many pins as you can! Play solo or with friends."
https://www.hamleys.in/product/Scoobies-Non-Toxic-Palm-Grip-Finger-Painting-Wax-3D-Crayons-For-Toddlers-Multicolour-28-Cm-3Y-492908785,"Scoobies 3D Basketball Print Pencil Box With Separate Pen-Pencil Holder, Dual Mesh Compartments, Non-Toxic Unbreakable Zippers & Lightweight Pouch For Kids, Blue, 5 Cm, 3Y+",Scoobies,499,School & Travel,https://cdn.pixelspray.io/v2/black-bread-289bfa/HrdP6X/original/hamleys-product/492908785/300/492908785-1.jpeg,"SPECIAL GRIP FOR LITTLE HANDS: Designed with round shape penholder specially for toddlers, kids, children. This palm grip design makes toddlers' little hands could easily hold these painting crayons
A COLORFUL DREAM: Each package contains 16 basic colors lovely baby crayons, The color is pure and bright. While drawing, assist the child to discern color,develop physical and thinking skills on colour
STIMULATE CREATIVITY AND IMAGINATION : Finger Crayons are not only painting crayons but also can be as the kids kitchen toys to place. They help to enhance kids' imagination, creativity and independence. They are special gifts for toddlers children.
GREAT DURABILITY : Kids often drop crayons from the desk accidentally which may make crayons broken. Our crayons use new synthetic technology, which make the crayons hard to be broken and more durable to be used
BEST GIFT FOR CREATIVE KIDS : This are first painting crayons for kids to develop creativity and imaginations, also can be used as building blocks to develop intelligence. Both parents and toddlers will love these peanut crayons, which are the perfect birthdays or holiday gift for children."
https://www.hamleys.in/product/frank-aeroplane-floor-puzzle-491396017,Shop Frank Aeroplane Floor Puzzle for Kids age 3Y+,Frank,399,Toys & Games,https://cdn.pixelspray.io/v2/black-bread-289bfa/HrdP6X/original/hamleys-product/491396017/300/491396017-1.webp,"If your kid is bored of all the existing toys and has been craving for something new and something creative, look no further; Frank comes up with this Aeroplane puzzle to excite all the little kids. This puzzle from Frank is an aeroplane shaped floor puzzle which comprises of all the intricate details from the original aeroplane. The floor puzzle has 15 pieces and the kid is expected to join it to finally discover the aeroplane. Designed for all the boys and girls above the age of 3, this aeroplane puzzle is sure to keep the little children occupied for long hours of time. The children are sure to enhance their eye-hand coordination and motor skills as they put these 15 puzzle pieces together to fully complete the puzzle. The children shall preserve this artefact for a lot more years to come with utmost care for all its vibrant colours and captivating designs. Delight your little children with this fascinating Frank Aeroplane puzzle and watch them rejoice over it."
https://www.hamleys.in/product/skillofun-king-size-identification-tray-7-wonders-of-the-modern-world-multicolour-4y-492337165,Product name not found,Skillofun,480,Toys & Games,https://cdn.pixelspray.io/v2/black-bread-289bfa/HrdP6X/original/hamleys-product/492337165/300/492337165-1.jpeg,A large tray to learn about the Seven Wonders of the Modern World in a fun way! There are Seven Wonders of the Modern World in this tray  All Wonders come out of their cavities easily by lifting them from their knobs  Match the Wonders to the cavity and put them back in the right place  Lift the Wonder to read more about it! This puzzle is self-corrective.
https://www.hamleys.in/product/skillmatics-guess-in-10-marvel-edition-paper-card-game-multicolor-3y-492365397,Buy Hamleys Skillmatics Guess in 10 Marvel Edition Paper card game Multicolor 3 - Exciting Card Game with colors cards,Skillmatics,499,Toys & Games,https://cdn.pixelspray.io/v2/black-bread-289bfa/HrdP6X/original/hamleys-product/492365397/300/492365397-1.webp,Exciting card game of questions- Ask up to 10 questions to guess the Marvel character on the Game Card!  Can she fly?  Is he a part of the Avengers?  Be the first player to win 7 Game Cards!
https://www.hamleys.in/product/sterling-horizons-india-map-puzzle-interesting-game-multicolour-4y-492164849,Product name not found,Sterling,249,Toys & Games,https://cdn.pixelspray.io/v2/black-bread-289bfa/HrdP6X/original/hamleys-product/492164849/300/492164849-1.jpeg,"This is a BIS certified product Which indicated good quality & Safe for Children  Puzzle pieces are cut in the shape of the States & Union Territories with different colours that it with each other to create the India map  Under each wooden piece of State/UT the capital city is mentioned
Increase your child's concentration and problem-solving skills It also helps in improving the colour recognition, motor skills and hand-eye coordination
Each wood piece is connected with a plastic knob and safe to use"
https://www.hamleys.in/product/sterling-horizons-construction-blocks-bucket-interesting-game-multicolour-3y-491554217,Buy Sterling educational and creative products for kids,Sterling,199,Toys & Games,https://cdn.pixelspray.io/v2/black-bread-289bfa/HrdP6X/original/hamleys-product/491554217/300/491554217-1.jpeg,"Sterling has now diversified into children toys and other products that aid learning and make growing up fun Our endeavour is to develop a strong bond with children with indigenous designed toys, which are manufactured to the best standards of quality and safety As the learning process begins, we have an answer to your childs learning and fun needs, so that their excitement never ends Sterlings educational and creative products help children explore various skills and help them learn as they play Its vital to make learning interesting, so that concepts are easily understood and do not become boring and mundane"
https://www.hamleys.in/product/shooting-star-bee-staker-honey-bee-multicolour-3y-492407812,Product name not found,Shooting Star,899,Toys & Games,https://cdn.pixelspray.io/v2/black-bread-289bfa/HrdP6X/original/hamleys-product/492407812/300/492407812-1.jpeg,"These wooden stacking rings challenges your kid to play carefully and move precisely He/she will develop fine motor skills as they build the colourful stacking rings  This educational hand: eye coordination toy is made of all natural woods and high quality paints and is BPA free, non-toxic and child safe  This wooden ring stacker features brightly coloured and smoothly sanded pieces that helps in building your little one's early colour, shape size-differentiation skills
Encourages baby to arrange largest ring to smallest ring in order
They'll develop logic and problem solving skills by playing and discovering the best ways to stack the ring"
https://www.hamleys.in/product/youreka-crystal-making-lab-multicolour-3y-492407797,Product name not found,Youreka,999,Toys & Games,https://cdn.pixelspray.io/v2/black-bread-289bfa/HrdP6X/original/hamleys-product/492407797/300/492407797-1.jpeg,"Show off your 5 favourite home-grown crystals on the included light-up display
Easy-to-follow instructions and 4 silicone growing chambers make growing and saving your crystals easy
Includes 5 real gemstone specimens and a STEM learning guide teaching all about crystal formation"
https://www.hamleys.in/product/wooden-slate-491948674,Buy Desi Toys Wooden Slate in Red - Hamleys,Folktales,539,Toys & Games,https://cdn.pixelspray.io/v2/black-bread-289bfa/HrdP6X/original/hamleys-product/491948674/300/491948674-1.webp,"Desi Toys Slate is a flat MDF base which is used as a medium for writing. This slate of 9 inches x 11 inches is encased in a beautiful border design frame. The Slate board comes with slate pencils, slate pencil box and a slate duster. Kids can enhance their imagination, improve fine motor skills and show their creativity with fun and excitement by writing/drawing endless times on this durable slate."
https://www.hamleys.in/product/kingdom-of-play-make-up-set-8-piece-multicolour-3y-492407810,Product name not found,Kingdom Of Play,699,Toys & Games,https://cdn.pixelspray.io/v2/black-bread-289bfa/HrdP6X/original/hamleys-product/492407810/300/492407810-1.jpeg,"This beauty set by Saffire Toys is a fun item to spend hours. Your little girl can practice combing her hair with this beauty set. The set consists of a hair dryer, comb, mirror, lipstick, earrings, shadow colors and other accessories."
https://www.hamleys.in/product/pj-masks-3-in-1-combo-puzzle-cardboard-multicolour-3y-491898717,Product name not found,PJ Masks,275,Toys & Games,https://cdn.pixelspray.io/v2/black-bread-289bfa/HrdP6X/original/hamleys-product/491898717/300/491898717-1.jpeg,"It's time to be a hero! Pj Masks is a team of three superheroes cat boy, owlette and gekko who swoop into action at night  Solving mysteries that arise during the day and on a mission to make things right for everyone in the daytime worlds.  Keeps your child entertained for hours of fun."
https://www.hamleys.in/product/jungle-memory-card-game-491901779,Shop Desi Toys Jungle Memory Card Game for Kids age 3Y+ - 1.27 Cm (Green),Folktales,299,Toys & Games,https://cdn.pixelspray.io/v2/black-bread-289bfa/HrdP6X/original/hamleys-product/491901779/300/491901779-1.webp,"The Jungle Memory Game is a card game with 'Incredible India' theme of birds and animals. It is a wonderful family game for kids above 3 years to sharpen memory, increase concentration and improve visual recognition. Just flip, memorize and match. Player with maximum matches is the winner."
https://www.hamleys.in/product/giggles-kitchen-set-deluxe-multi-color-491374001,"Shop Giggles Kitchen Set Deluxe, Multi Color & Appliances for Kids age 3Y+",Giggles,854,Toys & Games,https://cdn.pixelspray.io/v2/black-bread-289bfa/HrdP6X/original/hamleys-product/491374001/300/491374001-1.webp,"Funskool has the recipe for imaginative play with the kitchen sets, a 19-piece kitchen set for children. Made with high quality plastic--just like real cookware--this charming set provides the essentials for aspiring cooks, bakers and entertainers. Kids aged 3+ will love whipping up their own pretend meals and even preparing food on a real stove. Play chef with realistic kitchen set: this 19-piece set feature a kitchen collection. The pieces are small--just the right size for kids' hands. Kitchen set deluxe includes a mixer grinder, gas stove, chopping board, frying pan, tawa, spatula, ladle, rice cooker, plates, spoons and knife, all made of hi quality plastic. Ideal for educational and pretend play these play kitchen tools will engage children in hours of pretend play, while also allowing parents to stir up some educational fun. Help kids practice measurement and counting with the measuring cup and spoons or use the set as a way to teach children about the importance of food and nutrition. What's in the box kitchen set deluxe contains: mixer grinder base with jar, lid and rotating blade x 1 no. Each stove top with 2 burner frames x 1 no chopping board x 1 frying pan x 1 Nottaway x 1 spatula x 1 ladle x 1 cooker unit with lid x 1 plates x 2 spoons x 2 knife x 2 sticker sheet."
https://www.hamleys.in/product/funskool-lunar-combat-plastic-multicolour-3y-491020665,Product name not found,Funskool,649,Toys & Games,https://cdn.pixelspray.io/v2/black-bread-289bfa/HrdP6X/original/hamleys-product/491020665/300/491020665-1.jpeg,"This is Kenner rocket pack Batman action figure with firing turbo thrust cannon from the adventures of Batman and robin animated series  the rocket pack Batman figure was wearing a bright yellow bat suit  it's like Batman telling all the villains of Gotham city beware - you can run, but you can't hide from justice."
https://www.hamleys.in/product/peacock-kinder-blocks-sweet-home-490578431,Buy Hamleys Peacock Kinder Sweet Home Generic Blocks Plastic Online,Peacock Toys,850,Toys & Games,https://cdn.pixelspray.io/v2/black-bread-289bfa/HrdP6X/original/hamleys-product/490578431/300/490578431-1.webp,Kinder Blocks Home Sweet Home Helps The Child To Think Creatively. The Colours Attract The Attention And Stimulate The Child'S Mind. The Child Starts Making His Own Designs
https://www.hamleys.in/product/fundough-tiffin-box-3y-491960667,"Shop Online FunDough Tiffin box, 3Y+ at Best Price",FUN DOUGH,499,School & Travel,https://cdn.pixelspray.io/v2/black-bread-289bfa/HrdP6X/original/hamleys-product/491960667/300/491960667.webp,Let your child enjoy and explore with this creative crafting dough set. The toy set features different coloured clay doughs that can be moulded into various shapes. The clay used is non-toxic and safe for children to play with
https://www.hamleys.in/product/kingdom-of-play-bakers-special-set-9-piece-multicolour-3y-492407809,Product name not found,Kingdom Of Play,1169,Toys & Games,https://cdn.pixelspray.io/v2/black-bread-289bfa/HrdP6X/original/hamleys-product/492407809/300/492407809-1.jpeg,Kitchen is supplied with 9 accessories to cook up A treat All the accessories and kitchen cleverly packs away into A compact carry case for storage an Tidy away play and role-play fun on the go!
https://www.hamleys.in/product/hamleys-mii-transparent-hover-ball-blue-silver-3y-492407946,Product name not found,Hamleys,599,Sports & Outdoor,https://cdn.pixelspray.io/v2/black-bread-289bfa/HrdP6X/original/hamleys-product/492407946/300/492407946-1.jpeg,"Air Power Soccer Disk glides on a cushion of air! You can kick it like a real soccer ball, smack it with a real hockey stick or send it sailing like a bowling ball This Air Soccer Disk has a protective bumper so its safe to play inside. It wont ding up the furniture or walls and it wont scratch up the hardwood floors With coloured LED lights, making the game for fun. The Air Power Soccer Disk can be used indoors or out As long as you have a smooth surface youre good to go Play by yourself or grab a friend or two! The Air Power Soccer Disk will provide hours of dynamic high-tech soccer action"
https://www.hamleys.in/product/funskool-scavenger-hunt-plastic-multicolour-3y-491898713,Product name not found,Funskool,449,Toys & Games,https://cdn.pixelspray.io/v2/black-bread-289bfa/HrdP6X/original/hamleys-product/491898713/300/491898713-1.jpeg,"It's the classic game of search and find for kids! players have two minutes to search for silly stuff like a purple shirt, a funny hat and other items around the house  kids move ahead one space on the game board for every item they find and additional spaces for putting everything back where it belongs (so the house stays tidy)  the first player to move his or her pawn across the finish line wins."
https://www.hamleys.in/product/stamp-art-smiley-491692549,Shop Online Stamp Art - Smiley at Best Price,Imagimake,199,Toys & Games,https://cdn.pixelspray.io/v2/black-bread-289bfa/HrdP6X/original/hamleys-product/491692549/300/491692549.webp,"Stamp Art series has great art and craft kits for kids to explore the world of painting and colouring in a new way. This set includes 6 Stamps, 3 Stamp Pens and 2 Bookmark templates and 2 Greeting Card templates. The washable and reusable stamp set for kids keeps a child engaged for hours and hours of playtime as kids can keep on exploring different blending techniques and make different patterns each time. Start with the bookmarks and card making projects and then use the stamps to keep on creating. Kids can create endless designs and give different patterns and expression to adorable smiley designs. This kit for 3 year olds is a mess free play as the child does not have to use any paint which will make the floor or table messy like sponge painting. Just Colour, Stamp and Create more and more!"
https://www.hamleys.in/product/toytales-small-doll-house-an-accessories-multicolor-3y-492409574,Product name not found,Toytales,408,Toys & Games,https://cdn.pixelspray.io/v2/black-bread-289bfa/HrdP6X/original/hamleys-product/492409574/300/492409574-1.jpeg,"Dollhouse that encourages imaginative roleplay with friends. Fresh, bright and vibrant colors of this dollhouse makes it a perfect toy playset house"
https://www.hamleys.in/product/imagimake-junior-abacus-puzzles-for-kids-age-3y-491892931,Shop Online Imagimake Junior Abacus Puzzles for Kids age 3Y+,Imagimake,549,Toys & Games,https://cdn.pixelspray.io/v2/black-bread-289bfa/HrdP6X/original/hamleys-product/491892931/300/491892931-1.webp,"Junior Abacus is a Counting & Stacking Toy that not just teaches children counting from 1 to 10, but also helps them learn how to write these numbers as they can trace the digits while they play. This self-correcting puzzle also helps children learn number sequencing as 1 will only connect with 2, 2 with 3, and so on. It is a great play pattern to enhance the fine motor skills and problem solving skills of children while teaching them about shapes and colors as well. It also encourages children to speak while playing thus developing their Speech and Language skills. It uses 10 mm and 8 mm thick pieces of soft, sturdy and safe foam material that complies with European safety standards."
https://www.hamleys.in/product/hamleys-classic-sticky-dart-ball-game-classic-toy-multicolor-3y-492408120,Product name not found,Hamleys,999,Sports & Outdoor,https://cdn.pixelspray.io/v2/black-bread-289bfa/HrdP6X/original/hamleys-product/492408120/300/492408120-1.jpeg,"Cultivate kids self-confidence and teamwork, Improve kids math skills and logical thinking, Develop kids intelligence and imagination, Enhance kids hand-eye coordination and concentration, Promote kids social skills and observation ability, Keep your kids away from electronic screens, Promote parent-child relationship, Help you get hours of fun and relaxation during a busy day."
https://www.hamleys.in/product/giggles-kitchen-set-for-kids-age-3y-490093178,Buy online Giggles Kitchen Set for Kids age 3Y+,Giggles,949,Toys & Games,https://cdn.pixelspray.io/v2/black-bread-289bfa/HrdP6X/original/hamleys-product/490093178/300/490093178.webp,"So what if Mom's the best cook in the world? Kids can do their own makebelieve cooking. With Funskool's sturdy, attractive, colourful and largesized cooking set. Product Features - A set which includes total kitchen cutlery; a toaster with a popup mechanism; a gas range with clicking control knobs. Cooking was never this fun."
https://www.hamleys.in/product/ramson-roll-ball-monkey-multicolor-3y-492407665,Product name not found,Ramson,599,Toys & Games,https://cdn.pixelspray.io/v2/black-bread-289bfa/HrdP6X/original/hamleys-product/492407665/300/492407665.jpeg,"A highly engaging sensory toy that is just right for your child! Pass the ball through the monkey's mouth and watch it roll down the circular disks and pass through any of the 3 exit paths  This makes a perfect exercise for tiny hands and fingers and develops hand-eye coordination along with fine motor skills  The multi-coloured character, balls and disks enhance tactical and visual stimulation."
https://www.hamleys.in/product/wonder-house-books-101-spot-the-differences-fun-activity-books-paperback-multicolor-3y-491634651,Product name not found,Wonder House Books,189,Books,https://cdn.pixelspray.io/v2/black-bread-289bfa/HrdP6X/original/hamleys-product/491634651/300/491634651.jpeg,"Sharpen your eyes and immerself yourself into the world of subtle differences with this Spot the Difference book  In addition to being a great visual and memory exercise for kids of all ages
the contents of this book can keep kids occupied and entertained for hours
Complete solutions"
https://www.hamleys.in/product/Dabble-Pretend-Play-Ice-Cream-Playset-by-Playshifu-Dream-of-Ice-Cream-Ice-Cream-Toy-Kids-for-3Y-Multicolour-493176550,"Buy Dabble Pretend Play Ice-Cream Playset by Playshifu, Dream of Ice Cream, Ice Cream Toy for Kids Pretend Play - Hamleys",Playshifu,1424,Role & Pretend Play Toys,https://cdn.pixelspray.io/v2/black-bread-289bfa/HrdP6X/original/hamleys-product/493176550/300/493176550-1_1731.webp,"Pretend Play Ice-Cream Playset: The Dabble Playset allows kids to role-play as ice cream parlor owners, fostering imagination and social skills.
Suitable for Kids 3Y+: Designed with safety and enjoyment in mind, this toy is perfect for children aged 3 and above, encouraging creative play and interaction.
All-Inclusive Set: The playset contains all the necessary ice cream essentials, from pretend ice cream cones and scoops to colorful toppings and serving tools, making it a complete and immersive pretend play experience.
Multicolour Palette: With a diverse range of ice cream flavors and toppings available, kids can explore various combinations and create their dream ice cream treats.
Imaginative Play: Dream of Ice Cream promotes imaginative play, allowing kids to develop storytelling abilities and enjoy playful interaction with friends."
https://www.hamleys.in/product/hamleys-magic-drawing-board-490618857,Buy Hamleys Hamleys Magic Drawing Activity Table & Board Made of Plastic,Hamleys,450,Toys & Games,https://cdn.pixelspray.io/v2/black-bread-289bfa/HrdP6X/original/hamleys-product/490618857/300/490618857-1.webp,"Mess-Free Magic: This drawing board offers a mess-free way for kids to unleash their creativity without the need for paper or traditional art supplies
Endless Creativity: Children can draw their favorite pictures on the board, erase them, and draw again as many times as they like, fostering continuous artistic exploration
Productive Expression: The board allows kids to express their creativity in a productive and enjoyable manner, boosting their self-esteem and artistic skills
Easy-to-Grip Stylus Pen: The board comes with an easy-to-grip stylus pen, making it comfortable for kids to draw and create intricate designs"
https://www.hamleys.in/product/Imagimake-Super-Quiller-Spyrosity-Spyrosity-3D-Crinklers-Explore-Quilling-Based-Creative-Toy-and-Activity-Set-Kids-for-3Y-Multicolour-493176548,"Imagimake Super Quiller Spyrosity, Spyrosity 3D Crinklers Explore Quilling Based Creative Toy and Activity Set, Kids for 3Y+, Multicolour",Imagimake,569,Toys & Games,https://cdn.pixelspray.io/v2/black-bread-289bfa/HrdP6X/original/hamleys-product/493176548/300/493176548-1_8826.webp,"Quilling-based creative toy: The set introduces children to the art of quilling, a technique that involves rolling and shaping paper strips to create intricate designs.
Spyrosity 3D Crinklers: The set includes Spyrosity 3D Crinklers that allow children to create 3D quilled designs.
Promotes creativity and fine motor skills: Quilling stimulates creativity and helps develop fine motor skills in young children.
Suitable for kids ages 3 and up: The set is designed with age-appropriate materials and activities for young children.
Multicolored design: The vibrant and varied colors in the set enhance visual appeal and inspire artistic exploration."
https://www.hamleys.in/product/Sirius-Toys-Soft-Building-Blocks-56-Pieces-Kids-for-3Y-Multicolour-493175615,"Sirius Toys Soft Building Blocks - 56 Pieces, Kids for 3Y+, Multicolour",Sirius Toys,1699,Toys & Games,https://cdn.pixelspray.io/v2/black-bread-289bfa/HrdP6X/original/hamleys-product/493175615/300/493175615-1_6587.webp,"Multicolored building blocks: The set includes 56 soft building blocks in vibrant and varied colors, promoting visual appeal and creativity.
Safe and durable: The soft blocks are made of high-quality and non-toxic materials, ensuring safety and durability for young children.
Easy to assemble and disassemble: The blocks can be easily connected and disconnected, allowing children to build and rebuild structures with ease.
Promotes creativity and motor skills: Building with blocks stimulates creativity, spatial awareness, and fine motor skills in young children.
Suitable for kids ages 3 and up: The set is designed with age-appropriate materials and activities for young children."
https://www.hamleys.in/product/Smartivity-Jungle-Explorer-Activity-Kit-for-3-to-5-Years-Kids-492407825,Smartivity Jungle Explorer Activity Kit for 3 to 5 Years Kids,Smartivity,759,Toys & Games,https://cdn.pixelspray.io/v2/black-bread-289bfa/HrdP6X/original/hamleys-product/492407825/300/493174779-1_1946.webp,"Best early age development learning educational activities for age 3 to 5. A perfect exploratory, hands-on learning experience that blends physical activity with the latest technology to empower young minds with the engagement that is state-of-the-art and tailored for"
https://www.hamleys.in/product/Disney-Frozen-Frozen-Friends-Cocoa-3Y-Multicolour-493662850,"Disney Frozen Frozen Friends Cocoa, 3Y+, Multicolour",DISNEY PRINCESS,1044,Dolls & Playsets,https://cdn.pixelspray.io/v2/black-bread-289bfa/HrdP6X/original/hamleys-product/493662850/300/493662850-1_4443.webp,"Inspired by Frozen 2: This delightful Olaf and Bruni set is inspired by the beloved animated characters from Disney's Frozen 2, making it a must-have addition for any Frozen fan
Olaf and Bruni Figures: The set includes fan-favorite snowman character Olaf and the Fire Spirit salamander Bruni, both in a fun fashion doll scale. Children can relive their favorite moments from the movie and create new adventures with these iconic characters
Treat-Themed Accessories: Kids can immerse themselves in the world of Arendelle with five treat-themed play pieces, including a campfire, mugs of hot cocoa, and marshmallows. These accessories enhance the storytelling experience, allowing children to recreate cozy scenes from Frozen 2
Pop-Up Flame Feature: The Bruni figure features a pop-up flame when kids press the figure's tail, adding an exciting and interactive element to playtime. This feature brings the character to life and sparks imaginative storytelling
Perfect Gift: This set makes a perfect gift for kids aged 3 and up, providing them with the opportunity to relive their favorite Disney Frozen scenes or invent their own exciting adventures for Olaf and Bruni
Collectible: Fans of Disney Frozen can collect all the Disney Frozen fashion dolls and accessories to expand their collection and embark on countless adventures in the enchanting world of Arendelle
Variety of Play: Children can use their creativity to re-create iconic movie moments or invent new stories for Olaf and Bruni. The set encourages imaginative play and storytelling
Colorful and Detailed: The set features colorful and detailed pieces that capture the essence of the Frozen 2 characters and scenes, adding authenticity to playtime"
https://www.hamleys.in/product/diicii-astro-hunt-491902261,Shop Diicii Astro Hunt Board Games for Kids age 4Y+,Diicii,599,Toys & Games,https://cdn.pixelspray.io/v2/black-bread-289bfa/HrdP6X/original/hamleys-product/491902261/300/491902261-1.webp,"In a galaxy farther than the far away, there lived a notorious Yuzu tribe. They craved for one thing more than anything in the world, to wreak havoc on planet Earth. Its known 12 of them went rogue and were spotted recently in space. Yuzus often hide in plain sight and only the one with the greatest memory can capture them. To keep planet Earth safe, we need to capture at least 5 Yuzus to make their forces fall.  About Diicii. Blink. And the game changes. Every time Diicii lights up in green or red to mean: plus-minus, forward-backward, Player1-Player 2, the possibilities are as endless as your imagination. Built with a twist on every roll. Diicii will always keep the game surprising and the player on the edge.  How to use Diicii. Pull the strip on the Diicii before using it for the first time. Hold the Diicii in your palm and wait for it to stop blinking. Roll the Diicii onto a flat surface to get a number and colour."
https://www.hamleys.in/product/skillmatics-dots-and-mazes-491603756,Buy Skillmatics Dots and Mazes Games Online - Maze Toy Hamleys,Skillmatics,299,Toys & Games,https://cdn.pixelspray.io/v2/black-bread-289bfa/HrdP6X/original/hamleys-product/491603756/300/491603756-1.webp,"Skillmatics Dots and Mazes is the perfect product to build visual tracking, fine motor and problem-solving skills in the early years. These time-tested formats help build foundational learning skills while ensuring your child has hours and hours of fun! With 12 repeatable activities, this product is a great travel companion to engage your child while on the go!"
https://www.hamleys.in/product/hilife-traffic-light-3d-shape-2-layer-puzzle-unisex-3y-multicolor-491960064,"Shop Hilife Traffic Light 3D Shape 2 Layer Puzzle, Unisex, 3Y+ (Multicolor)",Hilife,899,Toys & Games,https://cdn.pixelspray.io/v2/black-bread-289bfa/HrdP6X/original/hamleys-product/491960064/300/491960064-1.webp,"Pave the way for your child to become a responsible citizen with the stubby 3D traffic light puzzle. A fun, educational game, this 3D traffic light puzzle is best suited for kids aged 3-years and above. Comprising of 12 brightly-coloured puzzle blocks in different shapes and depicting illustrations of traffic lights - red, amber, and green - along with their meaning, hilife's stubby 3D traffic light puzzle is an amusing way to teach young minds all about the importance of following traffic rules while boosting their skills of solving puzzles, recognizing colours and understanding basic structures seen in daily life. This educational game not only boosts your child's problem-solving abilities but also helps develop cognitive abilities, fine motor skills as well as hand-eye coordination. With the HILIFE stubby 3D traffic lights puzzle, ignite the spark of curiosity in your child's mind and watch their brain develop at an alarming speed!."
https://www.hamleys.in/product/hilife-tiny-tots-tasty-fruits-unisex-3y-multicolor-491960070,"Shop Hilife Tiny Tots Tasty Fruits, Unisex, 3Y+ (Multicolor)",Hilife,1100,Toys & Games,https://cdn.pixelspray.io/v2/black-bread-289bfa/HrdP6X/original/hamleys-product/491960070/300/491960070-1.webp,"Inspire your kid to become a budding culinary artist with the Hilife Jr. Master Chef's Gourmet Kitchen Set!. Made from non-toxic, kid-friendly wooden material, the Jr. Master Chef's Gourmet Kitchen Set consists of 8 pieces including a pot, a pan with a handle, a multi-purpose lid, a spatula, a ladle, a salt and a pepper shaker, two plates, two spoons, and two toy knives. With this kitchen set, let your child's imagination run free while they learn necessary life-skills. The Hilife Jr. Master Chef's Gourmet Kitchen Set is one of the best ways to introduce your child to and imbibe in them the importance of culinary skills. While learning, this toy set will assist in the development of their fine motor skills, hand-eye coordination, and memory."
https://www.hamleys.in/product/mechanix-3602002-plastic-cars-2-490086953,Shop Mechanix 3602002 Plastic Cars - 2 Construction Sets for Boys age 3Y+,Mechanix,755,Toys & Games,https://cdn.pixelspray.io/v2/black-bread-289bfa/HrdP6X/original/hamleys-product/490086953/300/490086953-1.webp,This Constructional Toy Inspires Your Child To Enjoy Creating New Models And Allow Them To Use Their Imagination To See What Else They Can Come Up With
https://www.hamleys.in/product/hilife-kids-clay-time-rolling-pin-and-board-unisex-3y-multicolor-491960071,"Shop Hilife Kids Clay Time Rolling Pin and Board, Unisex, 3Y+ (Multicolor)",Hilife              ,809,Toys & Games,https://cdn.pixelspray.io/v2/black-bread-289bfa/HrdP6X/original/hamleys-product/491960071/300/491960071-1.webp,"Let your kid's imagination and creativity run free with the Hilife Kids' Clay-Time Rolling Pin & Board. A fun game, this toy-set will teach your kid how to harness their creativity by building various things from clay. Hilife's Kids' Clay-Time Rolling Pin & Board comprises four wooden rolling pins in different styles, a wooden clay-cutter, and a circular wooden board. The materials used in making these toy-set are not only child-friendly but also environment-friendly and non-toxic. This toy-set is a great way to hone your child's hand-eye coordination, fine motor skills and creative abilities - skills that are highly crucial for your child's brain development as well as overall growth. With the Hilife Kids' Clay-Time Rolling Pin & Board, watch your child develop into their best version while sharpening multiple physical and mental skills."
https://www.hamleys.in/product/LEGO-Drill-Spinner-Vehicle-Super-Hero-Action-10792-58-Pieces-494376879,LEGO Drill Spinner Vehicle Super Hero Action 10792 (58 Pieces),LEGO,999,Construction & Building Toys,https://cdn.pixelbin.io/v2/black-bread-289bfa/HrdP6X/original/hamleys-product/494376879/300/494376879-1_1315.webp,"Miles Spin Morales car
This Drill Spinner Vehicle buildable toy from Disney+ series Spidey and His Amazing Friends is designed to meet the passions and abilities of kids, boys and girls aged 4+Buildable vehicle and 2 minifigures
Includes a Miles Spin Morales minifigure and an Electro minifigure, plus a large Starter Brick to make building quick and funToy Spidey car with drill
This buildable, push-along model of Miles Spin Morales car has a drill at the front which kids can rotateTreat for Spidey fans
This Spin and Electro toy vehicle set is packed with play value for fans of the Disney+ TV series Spidey and His Amazing FriendsSpider-Man gift for kids
With a Starter Brick and simple building steps, you can give this toy vehicle set to any young builder or Super Hero fanExpand the fun
Check out the extensive range of compatible LEGO 4+ vehicle toys and LEGO Marvel playsetsPreschool buildable toy
LEGO sets for 4+ year olds introduce children to a universe of movie favorites, TV characters and everyday heroes"
https://www.hamleys.in/product/webby-diy-wooden-build-paint-hut-shaped-cute-bird-house-for-kids-toy-unisex-3y-multicolour-492362964,Buy Hamleys Webby DIY Wooden Build & Paint Hut Shaped Cute Bird House Wood - Wooden Tent House,Webby,449,Toys & Games,https://cdn.pixelspray.io/v2/black-bread-289bfa/HrdP6X/original/hamleys-product/492362964/300/492362964.webp,"Build & Paint your own Bird house, All parts are included as shown in picture. Made of safe and non-toxic, top quality wooden material, smooth surface, neatly cut, without sharp edges. The paints are also non-toxic and easy to wash off without any detergent. The natural wooden boards of the birdhouse are pre-cut and slotted, no nails or hammers required. DIY birdhouse sets for kids build & paint, increase the intimate and friendly atmosphere of the family, play with children, and decorate their own DIY birdhouse with their own unique ideas. The Art & Craft Wood Toys help children cultivate their imagination, hand-eye coordination, creative expression and fine motor skills, make them think independently. Material - Wood, Size - 20X16X21CM , Ideal for 5+ Years Kids"
https://www.hamleys.in/product/webby-my-house-wooden-puzzle-24pcs-unisex-3y-multicolour-492337270,"Shop Webby My House Wooden Puzzle 24pcs, Unisex, 3Y+ (Multicolour)",Webby,569,Toys & Games,https://cdn.pixelspray.io/v2/black-bread-289bfa/HrdP6X/original/hamleys-product/492337270/300/492337270.webp,"An important early educational learning tool for toddlers 1 2 3 years old, not only help your toddlers to learning appearance and structure of my house while playing."
https://www.hamleys.in/product/webby-diy-paint-your-pre-assembled-unisex-3y-multicolour-492337073,"Webby DIY Paint Your Pre Assembled, Unisex, 3Y+ (Multicolour)",Webby,1424,Toys & Games,https://cdn.pixelspray.io/v2/black-bread-289bfa/HrdP6X/original/hamleys-product/492337073/300/492337073.webp,"Most children dream of a doll house of their own. Beautiful DIY Dream Livingroom Doll House especially designed with paint feature for young kids. This Doll House is furnished with sofa, 2 chairs, coffee table, 2 Table lamp, TV and media Unit.Otherside beautiful graphics of wall clock , lights & Fireplace in house.. All furniture is pre-assembled, and you need to paint the furniture with a given color kit as per your choice. No tools required, made of PINE WOOD. Develop Educational skills such as logical thinking, problem solving, creativity, and, of course, fine motor skills. Educational games can be fun. That’s why Construction kit is one of the best gifts for your kid's birthday and other occasions. Suitable for boys and girls 8+ Dollhouse size - 30x30x20 cm."
https://www.hamleys.in/product/hilife-owl-3d-shape-2-layer-puzzle-unisex-3y-multicolor-491960066,"Shop Hilife Owl 3D Shape 2 Layer Puzzle, Unisex, 3Y+ (Multicolor)",Hilife,899,Toys & Games,https://cdn.pixelspray.io/v2/black-bread-289bfa/HrdP6X/original/hamleys-product/491960066/300/491960066-1.webp,"Teach your kids all about numbers, colours and birds with the HILIFE stubby 3D owl puzzle. A fun, educational game, this 3D owl puzzle is best suited for kids aged 3-years and above. Comprising of 12 brightly-coloured, numbered-puzzle blocks in different shapes and depicting an illustration of an owl sitting on a branch, hilife's stubby 3D owl puzzle is a fun way to assist young minds to learn more about birds such as owls while boosting their skills of solving puzzles, recognizing colours and numbers from one to ten. This educational game not only boosts your child's problem-solving abilities but also helps develop cognitive abilities, fine motor skills as well as hand-eye coordination. With the HILIFE stubby 3D owl puzzle, watch your child grow more curious about different animals and birds!."
https://www.hamleys.in/product/skillofun-my-first-learning-puzzle-pair-me-set-of-15-3y-492363022,"Skillofun My First Learning Puzzle Pair Me Set Of 15, 3Y+",SKILLOFUN,523,Toys & Games,https://cdn.pixelspray.io/v2/black-bread-289bfa/HrdP6X/original/hamleys-product/492363022/300/492363022_1717.jpeg,"Good for hand & eye coordination and logical thinking
All of the corners of these puzzles for kids are well processed, no sharp corners, which is safe for the young children
Puzzles are a fun activity to do alone or in a group, and make a perfect gift for birthdays and holidays
It develops strong hand-eye coordination, fine motor skills, and problem-solving skills. So it helps develop multiple skills!"
https://www.hamleys.in/product/hilife-counting-double-hand-puzzle-2-layers-unisex-3y-multicolor-491960058,"Shop Hilife Counting Double Hand Puzzle 2 Layers, Unisex, 3Y+ (Multicolor)",Hilife,899,Toys & Games,https://cdn.pixelspray.io/v2/black-bread-289bfa/HrdP6X/original/hamleys-product/491960058/300/491960058-1.webp,"Teach your toddler counting numbers and recognizing colors the fun way with the Hilife Tiny Toddler's Coloured & Numbered Fingers Puzzle Board. A fun, educational game, this wooden puzzle board is best suited for kids aged 3-years and above."
https://www.hamleys.in/product/imagimake-quill-on-spyrosity-explore-491490156,Shop Imagimake Quill On Spyrosity Explore DIY Art & Craft Kits for Kids age 4Y+,Imagimake,1199,Toys & Games,https://cdn.pixelspray.io/v2/black-bread-289bfa/HrdP6X/original/hamleys-product/491490156/300/491490156-1.webp,"Children love to create, and creativity blossoms when a child has the right enablers. Spyrosity explores is designed to give your child a truly unique play experience as they take a few strips of paper and coil and shape them into 25 creative cards! The patent pending spyro station is super cool motorized tool that is so inviting and sure to get children excited about the enriching world of paper quilling. It makes it possible even for a 5-year-old to quill! It has 2 speed levels and an easy to use 5 size stencil/quilling board conveniently located on the station itself (requires 3 aa batteries not included). The 200 colourful paper strips provided stimulate a childs vivid imagination while the pre-glued cards and strips make this a glue free craft that is completely hassle free! Crafting with this kit not only helps develop fine-motor skills but is also a great way to enhance creativity and self-expression. Young aspiring designers can keep creating long after they complete the cards. Although we recommend spyrosity refill packs as they come with special thick paper ideal for our early crafters, the spyro station works well with most quilling paper. Simply get some papers and let their imagination lead the way!"
https://www.hamleys.in/product/hot-wheels-basic-car-fans-for-kids-assorted-3y-multicolor-490160790,Hot Wheels Basic Car Fans for Kids Assorted 3Y+  Multicolor,Hot Wheels,179,Toys & Games,https://cdn.pixelspray.io/v2/black-bread-289bfa/HrdP6X/original/hamleys-product/490160790/300/490160790-1.webp,"This product comes as an assortment, Colour and design may vary
Diverse Mini Collections: Choose from an exciting array of mini collections, each with its own theme and unique cars. Themes include Tooned, Batman, HW Moto, and HW Rescue, among others
Realistic Details: Each car is crafted with realistic details and authentic decos, offering a high-quality collectible experience
Great for All Ages: Hot Wheels Basic Car Fans are a hit among kids and collectors of all ages, making them the perfect gift for anyone who appreciates the world of cars and racing
Endless Variety: With Hot Wheels, you can build your epic collection by choosing from a wide variety of vehicles across different collections"
https://www.hamleys.in/product/disney-kitchen-set-assorted-491376974,Buy IToys Disney Kitchen Set - Assorted Kitchen Sets & Appliances for Kids Age 3Y+,I Toys,199,Toys & Games,https://cdn.pixelspray.io/v2/black-bread-289bfa/HrdP6X/original/hamleys-product/491376974/300/491376974-1.webp,"This product comes as an assortment and any 1 product will be delivered as per the availability.  ""Gift your kid something to remember for a long time with this Princess Bella plastic Kitchen set packed in an attractive bag. The set comprises of a plastic kitchen set with full princess bella design. Bring home this kit and give your kid a chance to play with his favorites cartoon character Princess Bella.
Specifications : Brand - Disney
Type - Kitchen Set
Age group - 3 Years+
Package includes - Kitchen set
Packed in an attractive bag Light and easy to carry Can be used for both indoor and outdoor purpose Also makes a good play for group fun"""
https://www.hamleys.in/product/hilife-jr-busy-bead-abacus%C3%82%C2%A0-unisex-3y-multicolor-491960062,Hamleys®️ Toy Store - Buy Toys for Kids & Children Games Online in India,Brand name not found,Price not found,Category not found,/icon.png,
https://www.hamleys.in/product/hilife-house-3d-shape-2-layer-puzzle-unisex-3y-multicolor-491960063,"Shop Hilife House 3D Shape 2 Layer Puzzle, Unisex, 3Y+ (Multicolor)",Hilife              ,949,Toys & Games,https://cdn.pixelspray.io/v2/black-bread-289bfa/HrdP6X/original/hamleys-product/491960063/300/491960063-1.webp,"Kick start your child's problem-solving skills with the HILIFE stubby 3D house puzzle. A fun, educational game, this 3D house puzzle is best suited for kids aged 3-years and above. Comprising of 12 brightly-coloured puzzle blocks in different shapes and depicting illustrations of Windows, doors, trees and a dog, hilife's stubby 3D house puzzle is an excellent way to teach your young kid all about solving puzzles, recognizing colours, and understanding basic structures seen in daily life. This educational game not only boosts your child's problem-solving abilities but also helps develop cognitive abilities, fine motor skills as well as hand-eye coordination. With the HILIFE stubby 3D house puzzle, your child's brain will develop with leaps and bounds!."
https://www.hamleys.in/product/shooting-moily-giraffe-yellow-for-kids-3y-492407993,Product name not found,Shooting Star,854,Toys & Games,https://cdn.pixelspray.io/v2/black-bread-289bfa/HrdP6X/original/hamleys-product/492407993/300/492407993-2.webp,"A pull along big Molley giraffe toy meant for kids Toy shakes head makes sound when pull along moving forwardMade of high quality plastic, safe for children  Perfect buddy for fun and role play, supports in developing hand-eye co-ordination and motor skills"
https://www.hamleys.in/product/genius-box-play-some-learning-toys-for-children-magical-colours-activity-kit-491282074,Shop Genius Box - Play Some Learning Toys For Children : Magical Colours Activity Kit Science Kits for Kids age 3Y+,Genius Box,999,Toys & Games,https://cdn.pixelspray.io/v2/black-bread-289bfa/HrdP6X/original/hamleys-product/491282074/300/491282074.webp,"Genius Box offers a library of activity kits with educational toys, games, and learning tools for children aged 2 to 8 years
The kits are designed to enrich and stimulate young minds, aiding in overall personality development
The ""Magical Colours"" activity kit from Genius Box includes diverse, interactive, and age-appropriate activities
The kit helps children learn about different types of colors, promotes color recognition, and helps them identify primary and secondary colors
Color plays a significant role in how children observe and categorize the world around them
The Magical Colours kit introduces children to the world of colors, patterns, and shades, allowing them to get creative with a wide range of hues."
https://www.hamleys.in/product/hot-wheels-starter-track-set-assorted-unisex-4y-multicolor-491432499,"Shop Hot Wheels Starter Track Set Assorted, Unisex, 4Y+ (Multicolor)",Hot Wheels,474,Toys & Games,https://cdn.pixelspray.io/v2/black-bread-289bfa/HrdP6X/original/hamleys-product/491432499/300/491432499-1.webp,"Please note:- This product comes as an assortment and any product will be shipped depending on the availability. The Hot Wheels trackset will keep your little one entertained for hours and give him or her an adrenaline rush. Besides, these are quite safe to play with as these have rounded edges along with being crafted from a nontoxic material."
https://www.hamleys.in/product/ok-play-geometrical-genious-interlocking-blocks-early-learning-educational-toy-for-kids-multicolor-3y-492337235,Ok Play Geometrical Genious Interlocking blocks Early learning educational toy for kids Multicolor 3Y+,OK Play,275,Toys & Games,https://cdn.pixelspray.io/v2/black-bread-289bfa/HrdP6X/original/hamleys-product/492337235/300/492337235.webp,"Experience a moment of extreme happiness worth living for, watching your kids having fun while learning  The Geometrical Genius is an assortment toy that comprises of 18 blocks and 9 different bases  Forms various geometrical figures on assembling the blocks and bases  Let the child fix by themselves the pieces on to the segments on the base to form different combinations  The activity construction toy also enhances childrens cognitive and motor skills."
https://www.hamleys.in/product/hasbro-twister-party-game-for-family-and-kids-491668396,Buy Hasbro Twister Party Game For Family and Friends Plastic,Hasbro Gaming,899,Toys & Games,https://cdn.pixelspray.io/v2/black-bread-289bfa/HrdP6X/original/hamleys-product/491668396/300/491668396-1_5822.webp,"Add a twist of fun to a party or family night with the classic game that ties players up in knots! One person gives the spinner a whirl--see what's next as players try to keep their hands and feet on the mat. Right foot, red! Who can do it? Left foot green – who's got it? If a player's knee or elbow touches the mat or falls over, they're out. The last player standing wins."
https://www.hamleys.in/product/funskool-four-steps-plastic-multicolour-3y-491898716,Product name not found,Funskool,319,Toys & Games,https://cdn.pixelspray.io/v2/black-bread-289bfa/HrdP6X/original/hamleys-product/491898716/300/491898716-1.jpeg,This interactive game is cleverly designed for teaching kids about daily routine and tasks in four simple steps  it offers a fun and intuitive way to learn and carry out daily activities  it also helps in developing good manners and habits in kids at an early age.
https://www.hamleys.in/product/skillmatics-found-it-for-when-you-re-outdoors-paper-scavenger-hunt-multicolor-3y-492365393,Skillmatics Found it! For When You're Outdoors Paper Scavenger Hunt Multicolor 3Y+,Skillmatics,399,Toys & Games,https://cdn.pixelspray.io/v2/black-bread-289bfa/HrdP6X/original/hamleys-product/492365393/300/492365393-1.webp,"Get ready to play the Smartest Scavenger Hunt!  Learn about phonics, numbers, shapes and a whole lot more as you go on the most exciting ""Search and Find""!  CAN YOU FIND... Something that is heavier than a leaf?  Something round?  Shout ""FOUND IT!"" as soon as you get your hands on the object in question.  Play with your friends and try to be the first one to win 7 cards!"
https://www.hamleys.in/product/skillmatics-brain-games-paper-brain-teaser-game-multicolor-3y-492409461,Skillmatics Brain Games Paper Brain teaser game Multicolor 3Y+,Skillmatics,299,Toys & Games,https://cdn.pixelspray.io/v2/black-bread-289bfa/HrdP6X/original/hamleys-product/492409461/300/492409461-1.webp,Skillmatics Brain Games will teach children to use a 'think and reason approach' when faced with challenges  Our activities are designed to build logic and problem solving skills through fun learning methodologies! Suitable for all ages  Brain Games is filled with innovative content that promises to engage children for hours at end!
https://www.hamleys.in/product/Disney-Princess-Doll-Playset-Assorted-3Y-Multicolour-493662854,"Disney Princess Doll Playset, Assorted, 3Y+, Multicolour",Disney Princess,1899,Dolls & Playsets,https://cdn.pixelbin.io/v2/black-bread-289bfa/HrdP6X/original/hamleys-product/493662854/300/493662854-1.jpeg,"Please note:- This product comes as an assortment and any product will be shipped depending on the availability
Disney Princess Doll Playset inspired by beloved characters from popular Disney movies
Each set includes a posable Disney Princess doll, character friends, and accessories for movie-inspired play
Posable fashion dolls with shiny removable skirts and long hair for styling
Dolls come in their signature colors, capturing the essence of the characters
Perfect for reenacting favorite movie moments or creating new storytelling adventures
Fans can collect all the Disney Princess fashion dolls and accessories for the ultimate adventure
Dolls cannot stand alone, adding realism to play scenarios
Colors and decorations may vary, providing variety in the collection
Suitable for kids aged 3 and above, making it a perfect gift for princess fans."
https://www.hamleys.in/product/skillmatics-buildables-3d-spy-glasses-build-learn-multicolor-3y-492365395,Buy Skillmatics Buildables 3D Spy Glasses Build & Learn Multicolor 3 Online from Hamleys - 3D glasses drawing,Skillmatics,664,Toys & Games,https://cdn.pixelspray.io/v2/black-bread-289bfa/HrdP6X/original/hamleys-product/492365395/300/492365395-1.webp,Buildables is a range of new-age STEM products that teach children essential construction analytical and problem-solving skills through the joy of creating their own functioning meaningful machines that they can use on a daily basis!  Build learn and explore as you construct your simple machines with step-by-step instructions  Practical application of key science concepts and lots of exciting challenges!
https://www.hamleys.in/product/giggles-info-cubes-491893008,Shop Giggles Info Cubes Early Learner Toys for Kids age 3Y+,Giggles,674,Toys & Games,https://cdn.pixelspray.io/v2/black-bread-289bfa/HrdP6X/original/hamleys-product/491893008/300/491893008.webp,"This colorful set of 26 wooden blocks, featuring alphabets, numbers, shapes, puzzle &pictures, is just right for stacking, sorting, and learning! The vibrant eye-catching illustrations encourage children to engage and grow their language and early learning skills. Its perfectly sized for little hands for hours of endless play. Develops hand-eye coordination. Supports language development. Strengthens bilateral coordination, balance, tactile, and fine-motor skills. Teaches spatial awareness. Builds thinking and learning skills. Supports cognitive and language development. Builds confidence and boosts self-esteem through construction play.Its a classic gift for kids 3years & above."
https://www.hamleys.in/product/shooting-star-magic-gears-base-with-small-large-gears-learning-and-education-fun-toy-multicolor-2y-492407590,Shooting star Magic gears base with small Large gears Learning and education fun toy Multicolor 2Y+,Shooting Star,650,Toys & Games,https://cdn.pixelspray.io/v2/black-bread-289bfa/HrdP6X/original/hamleys-product/492407590/300/492407590.webp,"Introduce your budding joys to the progressing and ever evolving technology of the mechanical world  Gift this Magic Gears toy to the ever curious kids and check out the budding engineers and innovators in them  A moment of extreme happiness worth living for, watching your kids having fun while learning  It is an assortment toy that comprises of 9 gears with handles
Let the child fix the pieces on to the segments on the base to form different combinations and get their gear boxes ready."
https://www.hamleys.in/product/funskool-magnetic-slate-490093149,Buy Funskool Magnetic Slate Activity Table & Boards for a fun gaming experience,Funskool,599,Toys & Games,https://cdn.pixelspray.io/v2/black-bread-289bfa/HrdP6X/original/hamleys-product/490093149/300/490093149-1.webp,"A Great Learning With Fun For Pre Schoolers. ,Teach Your Child Abc And 123 By Using This Magnetic Slate. , They Don'T Have To Write, Just Stick The Numbers And Letters On The Slate. , Let Your Kids Enjoy Their Pre-School Education With Lots Of Fun And Interest"
https://www.hamleys.in/product/zoozi-hockey-2000-hockey-stick-for-kids-multicolor-2y-492408383,Zoozi Hockey 2000 Hockey stick for kids Multicolor 2Y+,Zoozi,390,Sports & Outdoor,https://cdn.pixelspray.io/v2/black-bread-289bfa/HrdP6X/original/hamleys-product/492408383/300/492408383.webp,"Nothing could be more appropriate than incarnating the skills of our national sport from the novice days of a kids life  While combining physical exercise with mental alertness, the kit consists of two hockey sticks and a ball  It is soft and smooth with rounded edges and is made with proper care and safety standards to keep your children close to a healthy and fun environment."
https://www.hamleys.in/product/slime-combo-neon-sparkle-metallic-492408208,Slime Combo Neon Sparkle Metallic,Youreka,1299,Toys & Games,https://cdn.pixelspray.io/v2/black-bread-289bfa/HrdP6X/original/hamleys-product/492408208/300/492408208.webp,"High quality Japanese raw material, non toxic,"
https://www.hamleys.in/product/masha-and-the-bear-house-491393854,Buy Masha And The Bear House Doll House Kits & Accessories for Girls age 3Y+,Masha And The Bear,2999,Toys & Games,https://cdn.pixelspray.io/v2/black-bread-289bfa/HrdP6X/original/hamleys-product/491393854/300/491393854-1.webp,"Home Playset: The playset recreates Bear's home inside a tree, just like in the TV show ""Masha and The Bear,"" allowing children to step into this beloved world
Detailed Accessories: The playset includes a range of furniture and accessories, such as a couch, TV, trunk, fridge, and table, providing a complete and immersive experience
Masha and Bear Figures: The set includes Masha and Bear figures that are bendable thanks to hip articulation, allowing for various poses and interactions
Interactive Design: The front door can be opened, and the back flips down to reveal the furnished interior, adding an interactive element to play
Storage Solution: After playtime, the house can be closed to neatly store everything inside, ensuring a clutter-free play area
Action Figures Height: Masha stands at 4 cm, and Bear at 6 cm, making them perfectly sized for small hands
Non-Toxic and Child-Friendly: The playset is non-toxic and child-friendly, meeting safety standards for young children
Encourages Role Play and Imagination: This playset fosters creativity, role play, and imaginative storytelling, allowing children to recreate scenes from the show or invent their adventures"
https://www.hamleys.in/product/magic4-games-fun-and-learn-board-game-for-boys-girls-4-years-and-above-492365354,"Buy Magic Drawing Board Games for Fun and Learning, made of Paper - Hamleys",Magic4,1619,Toys & Games,https://cdn.pixelspray.io/v2/black-bread-289bfa/HrdP6X/original/hamleys-product/492365354/300/492365354-1.webp,"Now Dial up the Magic 4 times with the all new Magic 4 Games - Fun & Learn.  Team games help kids develop character and teamwork skills.  Playing team games at a young age allows children to participate in social interactions, work together to achieve goals, and build skills such as teamwork and leadership.
Being part of a team allows children to sort through their strengths and weaknesses."
https://www.hamleys.in/product/hamster-london-popit-big-rainbow-ludo-492408479,Hamster London Popit Big rainbow ludo,Hamster London,499,Toys & Games,https://cdn.pixelspray.io/v2/black-bread-289bfa/HrdP6X/original/hamleys-product/492408479/300/492408479-1.webp,"Push bubble fidget toy that comes in a Ludo/ Chessboard type gameplay with dice. The rainbow color Pop it game board adds a fun splash to every pop! You can enjoy more and for longer time in every round. An excellent choice for kids and adults, these toys can be used to improve parent-child time.  This rainbow chess board push bubble dice game is a nice interactive fidget game board with 126 bubbles popper and 2 dices. This Big popit Ludo type pop up game is fun for the whole family. Just press the push bubble popper fidget sensory toys and they will make a slight sound. According to the number of dice rolled by the opponent, the player takes turns to press the pop, and whoever pushes last one will lose."
https://www.hamleys.in/product/bubble-magic-fan-bubs-lime-for-the-kids-3-years-and-above-492409364,Buy Bubble Magic Fan Bubs Lime Plastic Online - Hamleys - Discover the Enchantment of Magic Bubble,Bubble Magic,159,Toys & Games,https://cdn.pixelspray.io/v2/black-bread-289bfa/HrdP6X/original/hamleys-product/492409364/300/492409364-1.webp,"Playing with Bubbles just got a lot more fun! Includes Lime Fan Bub, 100 ml super long-lasting Bubble Solution and a convenient Dipping Tray. Just dip into the bubble solution and wave and play with bubbles all around.  This edition of the Bubble Magic Fan Bubs takes bubble blowing to the next level! Enter the refreshing and fruity universe with this Bright & Tangy Lime Fab bub Lime Fan Bub and never get bored of blowing bubbles ever again.  Enjoy endless bubble fun and keep the kids engaged for hours with this Fan Bub! An inexpensive and fuss-free activity that all kids will love. Bring it with you to the lawn, park, playground or garden and wave bubbles wherever you want.
Whether it is a birthday party, family gathering, beach vacation or pool party, let this Lime Fan Bub become a big hit amongst everyone, both young and old! Create joy, laughter and keep everyone entertained with some lovely bubbles!
Dont we all love Bubbles! Premium quality fans Specially designed for young kids and toddlers are completely safe for children. However, be careful that the bubble solution doesnt enter the mouth or eyes. For ages 3 and up"
https://www.hamleys.in/product/bubble-magic-fan-bubs-baby-shark-for-the-kids-3-years-and-above-492409363,Buy Bubble Magic Fan Bubs Baby Shark Soft Toy Plastic Online - Hamleys,Bubble Magic,199,Toys & Games,https://cdn.pixelspray.io/v2/black-bread-289bfa/HrdP6X/original/hamleys-product/492409363/300/492409363-1.webp,"Playing with Bubbles just got a lot more fun! Includes Baby Shark Fan Bub, super long-lasting Bubble Solution and a convenient Dipping Tray. Just dip into the bubble solution and wave and play with bubbles all around. Fan bubs is a super fun take on traditional handfans that blow bubbles. Isnt that cool?  This edition of the Bubble Magic Fan Bubs takes bubble blowing to the next level! Enter the iconic Baby Shark universe with this cute Baby Shark Fan Bub and never get bored of blowing bubbles ever again.  Enjoy endless bubble fun and keep the kids engaged for hours with this Fan Bub! An inexpensive and fuss-free activity that all kids will love. Bring it with you to the lawn, park, playground or garden and wave bubbles wherever you want.
Whether it is a birthday party, family gathering, beach vacation or pool party, let this Baby Shark Fan Bub become a big hit amongst everyone, both young and old! Create joy, laughter and keep everyone entertained with some lovely bubbles!
Dont we all love Bubbles! Premium quality fans Specially designed for young kids and toddlers are completely safe for children. However, be careful that the bubble solution doesnt enter the mouth or eyes. For ages 3 and up"
https://www.hamleys.in/product/kids-learning-laptop-dino-492409523,Buy Kids Learning Laptop Dino for Boys 3Y+ Plastic,Shooting Star,1299,Toys & Games,https://cdn.pixelspray.io/v2/black-bread-289bfa/HrdP6X/original/hamleys-product/492409523/300/492409523-1.webp,"Alphabet Learning: The Kids Learning Laptop Dino introduces children to the alphabet, helping them recognize letters, their shapes, and their sounds. Learning the ABCs is an important step in early education, and this laptop makes it fun
Word Writing: Encourage creativity and writing skills as kids practice forming words on the interactive screen. This feature promotes fine motor skills and language development
Spelling Challenges: Engage young minds in spelling games. Children can fill in missing letters to complete words, reinforcing their vocabulary and language skills
Auto Power Saving System: Worried about battery life? The laptop features an automatic power-saving system, ensuring that it conserves energy when not in use
LED Screen: The LED screen provides a bright and clear display, making it easy for kids to interact with the laptop's activities"
https://www.hamleys.in/product/Hungry-Hungry-Hippos-Launchers-Game-For-Kids-Ages-4-And-UpElectronic-Preschool-Game-For-24-Players-491902755,"Buy Hungry Hungry Hippos Launchers Game For Kids Ages 4 And Up, Electronic Preschool Game For 2-4 Players - Hamleys",Hasbro Gaming,1799,Games & Puzzles,https://hmadmin.hamleys.in/product/491902755/300/491902755-1.jpg,"Four 5-ounce Play-Doh pouches in assorted colors with 9 creative shape cutters in a reusable jar
Fun for gifts, activities, classroom projects, or anytime you can squeeze in some playtime
Convenient pack includes 4 five-ounce pouches of PLAY-DOH compound for an instant PLAY-DOH party or sharing the creative fun with friends!"
https://www.hamleys.in/product/playshifu-tacto-laser-492408239,Playshifu Tacto Laser,PLAYSHIFU,1899,Toys & Games,https://cdn.pixelspray.io/v2/black-bread-289bfa/HrdP6X/original/hamleys-product/492408239/300/492408239-1.webp,Explore the science of light with thrilling mysteries. Reflect the light or split it into its
https://www.hamleys.in/product/veggie-cars-set-of-3-491567126,Buy Funvention Veggie Cars (Set Of 3) Stem for Kids Age 3Y+,Funvention,299,Toys & Games,https://cdn.pixelspray.io/v2/black-bread-289bfa/HrdP6X/original/hamleys-product/491567126/300/491567126-1.webp,"Funvention believes in Learn with Fun. Veggie Cars Puzzle toys follows the same principle. While building innovative playing cars, your kids learn many fun facts about the food. It teaches them the health benefits of vegetables and importance of the same in their daily meal. There is no other great thing than making your kids to Love their food.
Veggie Cars are great puzzles for your little once that they can build it themselves to end up with Veg-Animal Combo Cars to Play around. Because our models do not require glue, your kids can enjoy building them as many times as they like, or leave them out for others to try. All our models are Laser Cut in house and that allows us to proudly say ""Made in India"". These toys are made from high quality engineering wood giving it a great rustic look. Kids can paint it with their own imaginations to make it most unique and personal.It's a great STEM educational DIY toy for kids and a very good option to gift or return gift on the occasion of birthday or children's small events.
Made in India with lots of Creativity, Care & Love.Funvention has creative solution to this global issue. We have designed these innovative and engaging DIY puzzle toy cars shaped in different vegetable's which children's can build, color and play with. To make it more attractive for Kids each vegetable is linked with animal which are believed to love those veggies. The booklet come with fun facts and health benefits of these veggies to make children aware of it."
https://www.hamleys.in/product/Baby-Alive-Rainbow-Spa-Baby-Doll10Inch-SpaThemed-Toy3Yrs-493661634,"Baby Alive Rainbow Spa Baby Doll, 10-Inch Spa-Themed Toy, 3Yrs+",Baby Alive,1899,Dolls & Playsets,https://cdn.pixelspray.io/v2/black-bread-289bfa/HrdP6X/original/hamleys-product/493661634/300/493661634-1_2640.webp,"SPA-THEMED DOLL: Kids ages 3 and up can treat Rainbow Spa Baby doll to a pretend spa day and put on her special doll eye mask
CUCUMBER EYE MASK DOLL ACCESSORY: This 10-inch Baby Alive doll comes with an adorable doll eye mask that looks like 2 cucumbers
2 DOLL SKIRTS IN 1: Toy features a vibrant dual-sided skirt -- twist it around to reveal a new look"
https://www.hamleys.in/product/skillmatics-buildables-spin-art-station-build-learn-multicolor-3y-491947895,Product name not found,Skillmatics,759,Toys & Games,https://cdn.pixelspray.io/v2/black-bread-289bfa/HrdP6X/original/hamleys-product/491947895/300/491947895-1.jpeg,Buildables is a range of new-age STEM products that teach children essential construction analytical and problem-solving skills through the joy of creating their own functioning meaningful machines that they can use on a daily basis!  Build learn and explore as you construct your simple machines with step-by-step instructions  Practical application of key science concepts and lots of exciting challenges!
https://www.hamleys.in/product/om-kidz-slide-and-see-sea-animals-10-pages-book-by-kirti-pathak-board-book-492364004,Product name not found,Om Kidz,375,Books,https://cdn.pixelspray.io/v2/black-bread-289bfa/HrdP6X/original/hamleys-product/492364004/300/492364004.webp,Slide and See this cute little book to peep into the lives of sea animals and what they do under water.
https://www.hamleys.in/product/ultimate-nail-art-studio-491489527,Shop Mirada Ultimate Nail Studio DIY Art & Craft Kits for Kids age 3Y+,Mirada,1599,Toys & Games,https://cdn.pixelspray.io/v2/black-bread-289bfa/HrdP6X/original/hamleys-product/491489527/300/491489527-1.webp,"Kickstart a young stylists creativity with a nail set full of possibilities; With nail polish, a fully functional nail dryer, press on nails, nail file & loads of stickers, this truly is the all in one set for nail perfection"
https://www.hamleys.in/product/Godiscover-Bloom-Multicolour-3Y-492407581,Godiscover Bloom Multicolour 3Y+,goDiscover,5499,Books,https://cdn.pixelspray.io/v2/black-bread-289bfa/HrdP6X/original/hamleys-product/492407581/300/492407581-1.jpeg,"It ignites a strong desire to know or learn something new which helps children in growing with beautiful experiences each day.
It is a perfect blend of all the Eight Cs which acts as a milestone in every child's growth and development. These Eight Cs are communication, confidence, curiosity, contemplation, cooperation, competence, clarity and cognition.
Not only the book pages but everything in Bloom is interactive, just a touch with the SmartPen and even the box and cover of the books tell a story.
Lots of child-friendly characters and images inside the books will engage children in active thinking and imagination with over 1000+ facts.
The scope of learning, entertainment and fun with Bloom is LIMITLESS! Once the children start with it, they can never get enough of it."
https://www.hamleys.in/product/hilife-tiny-tot-toaster-set-wooden-pop-up-toaster-play-unisex-3y-multicolor-491960068,"Shop Hilife Tiny Tot Toaster Set Wooden Pop Up Toaster Play, Unisex, 3Y+ (Multicolor)",Hilife,899,Toys & Games,https://cdn.pixelspray.io/v2/black-bread-289bfa/HrdP6X/original/hamleys-product/491960068/300/491960068-1.webp,"Boost the learning & growth of your tiny tot with the Hilife Tiny Tot Toaster Set! Made from non-toxic, kid-friendly substances, this 8-piece Toaster Set will amuse your child while imbibing in them the importance of nutritional food. The toaster set consists of two wooden toasts, a wooden plate, a wooden knife without any sharp edges, a wooden toaster, a wooden block of butter, a wooden bottle of jam and mayonnaise. The Hilife Tiny Tot Toaster Set is a perfect wooden replica of a real-life toaster. With this toy set, you can teach your child the significance of cooking food at an early age. The toaster set will aid in developing your child's fine motor skills, hand-eye coordination as well as learning powers."
https://www.hamleys.in/product/Bubble-Blower-Dino-Bubble-Play-Toys-For-Kids-Age-3Y-492909637,Bubble Blower Dino Bubble Play Toys For Kids Age 3Y+,Hamleys,1099,Impulse Toys,https://cdn.pixelspray.io/v2/black-bread-289bfa/HrdP6X/original/hamleys-product/492909637/300/492909637_1_1902.jpeg,"High-quality materials: These bubble play toys are made with high-quality, durable materials that are designed to withstand the wear and tear of regular use
Safe and non-toxic: These toys are made with non-toxic materials and are safe for children to use, giving parents peace of mind
Easy to use: These bubble play toys are easy for young children to use, with a simple design that doesn't require any complicated setup or instructions
Fun and engaging: These toys are designed to provide hours of fun and entertainment for children, encouraging them to be active and creative as they play
Portable and convenient: These bubble play toys are lightweight and easy to carry, making them ideal for use at home, in the park, or on the go."
https://www.hamleys.in/product/mattel-games-games-fast-fun-tumblin-monkeys-unisex-4y-multicolor-491947750,"Buy Mattel Games Fast Fun Tumblin' Monkeys, 4Y+ (Multicolor) Made of Plastic",MATTEL GAMES,499,Toys & Games,https://cdn.pixelspray.io/v2/black-bread-289bfa/HrdP6X/original/hamleys-product/491947750/300/491947750-1.webp,"Have Fast Fun With Fast Fun Tumblin' Monkeys Game -- It'S All Of The Tumblin' Action With Quick Setup And Gameplay! A Steady Hand And A Little Luck Go A Long Way In This Kids' Game That'S Easy To Learn And Fun To Play. Create A Web Of Sticks In The Palm Tree, Then Place The Monkeys Inside And They'Ll Hang Onto The Sticks With Their Tails. Gameplay Is Simple: Take Turns Removing One Stick At A Time. Be Careful Not To Let The Monkeys Tumble, Though -- The Player That Drops The Fewest Monkeys Wins! Fast Fun Tumblin' Monkeys Is Smaller Than The Original With Simple Setup, So You Can Take It With You For Fun Gameplay Anywhere, Anytime. Includes 21 Colored Sticks, 24 Monkeys And 1 Palm Tree Cylinder. Perfect For 2 To 4 Players, Ages 5 And Older. Colors And Decorations May Vary."
https://www.hamleys.in/product/Godiscover-Wonder--Smile-Interactive-Story-Book-Multicolour-3Y-493175525,Godiscover Wonder & Smile Interactive Story Book Multicolour 3Y+,goDiscover,4499,Books,https://cdn.pixelspray.io/v2/black-bread-289bfa/HrdP6X/original/hamleys-product/493175525/300/493175525-1.jpeg,"Wonder stories are for children from 3+ years old. At this age, they cannot read themselves. Dependency on others takes them to screens or limits storytelling to bedtime. Both of these changes with wonders.
The stories kindle children's fantasies, engaging the readers and listeners most excitingly.
The amplitude of comprehensiveness in these stories is unbounded. The pictures give an enhanced visual effect. The stories are short and catchy.
Winder is a theatre in sound.
Wonder stories also boost their communication skills. The stories are reassuring and also improve their sleeping patterns."
https://www.hamleys.in/product/play-panda-magnetic-puzzles-circles-with-400-magnets-200-puzzles-magnetic-board-and-display-stand-unisex-4y-multicolor-491553615,"Buy Hamleys Play Panda Magnetic Puzzles Circles With 400 Magnets, 200 Puzzles, Magnetic Board And Display Stand, 4Y+ Online - Play Magnets",Play Panda,485,Toys & Games,https://cdn.pixelspray.io/v2/black-bread-289bfa/HrdP6X/original/hamleys-product/491553615/300/491553615-1.webp,"Contents 400 colorful magnetic circles. (10 colors, Size : 1.5 cm diameter), Magnetic canvas. (Size : 23 X 23 cm)Puzzle book, (200 puzzles)Display stand Important Small parts !! Not recommended for kids below 5 years of age. Use 400 colorful magnetic circles to make birds, animals, vehicles, objects and many amazing things. There is a magnetic canvas inside on which the kids can make hundreds of different patterns. We have given a puzzle book with 200 puzzles to help the kids get started.This is a perfect toy for 1-2 kids to spend their time indoors exploring and developing their creative skills. The toy is engaging for both boys and girls. It makes an amazing birthday gift. Magnetic Puzzles is an excellent imagination building and learning tool. It cultivates problem solving skills in children. It improves their geometric and spatial understanding. Kids pick up, pinch and grasp pieces and move them around. This leads to fine motor development and hand-eye coordination. When you display your children's creations it gives them a morale boost and helps build their confidence."
https://www.hamleys.in/product/smoby-peppa-pig-dinner-tray-girls-3y-multicolor-491899005,"Smoby Peppa Pig Dinner Tray, Girls, 3Y+ (Multicolor)",Smoby,450,Toys & Games,https://cdn.pixelspray.io/v2/black-bread-289bfa/HrdP6X/original/hamleys-product/491899005/300/491899005-1.webp,"Tea service made of high-quality plastic in a cheerful, colorful design by Peppa Pig and her family. From 3 years. This new sweet and colorful Peppa Pig tea set includes 21 accessories :4 glasses, 4 plates with IML, 4 forks, 4 knives, 4 spoons, 1 tray with IML"
https://www.hamleys.in/product/trunk-works-kidpreneur-jewellery-box-version-learn-basics-of-business-and-entrepreneurship-in-age-appropriate-fun-way-includes-material-needed-to-start-your-first-business-491374899,Shop Trunk Works Kidpreneur - Jewellery Box Version - Learn Basics of Business And Entrepreneurship in Age Appropriate Fun Way (Includes Material Needed to Start Your First Business) Games for Kids age 3Y+ (Pink),Trunk Works,1079,Toys & Games,https://cdn.pixelspray.io/v2/black-bread-289bfa/HrdP6X/original/hamleys-product/491374899/300/491374899-1.webp,"Do You Want Your Kids To Know About Entrepreneurship In A Very Hands-On Manner? Using This One-Of-A-Kind Hands-On Product, The Kids Imagine Starting Their Own Jewellery Box Business And Learn Entrepreneurship And Business Basics. Material Needed To Design And Sell Their First Jewellery Box Is Also Included. Contains 1 Kidpreneur Help-Along Mostly-Graphical Explanatory Booklet, 1 Wooden Jewellery Box, 2 Glitter Glues, 1 Paint Set And Paint Brush, 4 Glitter Foam Sticker Papers, Gemstones"
